url_path,views_total,views_unique
/dlcgold/muPBWT,14,5
/dlcgold/muPBWT/tree/main/include,5,2
/dlcgold/muPBWT/blob/main/include/rlpbwt_int.h,4,2
/dlcgold/muPBWT/branches,2,1
/dlcgold/muPBWT/blob/github-repo-stats/dlcgold/muPBWT/latest-report/report.pdf,1,1
/dlcgold/muPBWT/blob/main/include/ms_matches.h,1,1
/dlcgold/muPBWT/blob/main/include/rl_column.h,1,1
/dlcgold/muPBWT/blob/main/mupbwt.cpp,1,1
/dlcgold/muPBWT/blob/main/README.md,1,1
/dlcgold/muPBWT/commit/707c61944a5dc1c1ab1fd8c5b41d778c029d4783,1,1
